,name,position
8460542,Patrik Elias,C
8469462,Tuomo Ruutu,L
8469500,Michael Cammalleri,L
8469547,Jordin Tootoo,R
8470740,Lee Stempniak,R
8471233,Travis Zajac,C
8471311,Tyler Kennedy,C
8471752,Marc-Andre Gragnani,D
8472382,Andy Greene,D
8472410,Stephen Gionta,C
8473482,Jiri Tlusty,L
8473673,David Schlemko,D
8474024,Jim O'Brien,C
8474641,Adam Henrique,C
8474660,David Warsofsky,D
8475151,Kyle Palmieri,R
8475185,Jacob Josefson,C
8475186,John Moore,D
8475199,Eric Gelinas,D
8475274,Seth Helgeson,D
8475750,Jon Merrill,D
8475758,Devante Smith-Pelly,R
8476200,Paul Thompson,R
8476209,Mike Sislo,R
8476370,Blake Pietila,L
8476423,Reid Boucher,C
8476457,Adam Larsson,D
8476769,Bobby Farnham,R
8476772,Brian O'Neill,R
8476870,Stefan Matteau,C
8476923,Damon Severson,D
8477010,Joseph Blandisi,C
8477425,Miles Wood,L
8477463,Steven Santini,D
8478401,Pavel Zacha,C
8478566,Sergey Kalinin,C
8478584,Vojtech Mozik,D
8471186,Yann Danis,G
8471239,Cory Schneider,G
8475809,Scott Wedgewood,G
8476234,Keith Kinkaid,G
8469707,PA Parenteau,R
8469759,Vernon Fiddler,C
8470724,Kyle Quincey,D
8473933,Ben Lovejoy,D
8473989,Luke Gazdic,L
8474774,Dalton Prout,D
8475761,Beau Bennett,R
8475791,Taylor Hall,L
8476399,Blake Coleman,C
8476474,Stefan Noesen,R
8476526,Ben Thomson,L
8476798,Karl Stollery,D
8477961,John Quenneville,C
8478480,Blake Speers,C
8479250,Nick Lappin,R
8479291,Kevin Rooney,C
8479483,Yohann Auvitu,D
8480081,Michael Kapla,D
8470619,Brian Boyle,C
8471226,Drew Stafford,R
8473546,Michael Grabner,L
8474034,Pat Maroon,L
8474625,Jimmy Hayes,R
8475149,Marcus Johansson,L
8475222,Sami Vatanen,D
8476207,Brian Gibbons,C
8477355,Will Butcher,D
8477509,Mirco Mueller,D
8479407,Jesper Bratt,L
8480002,Nico Hischier,C
8475663,Eddie Lack,G
8478965,Ken Appleby,G
8473468,Eric Gryba,D
8474025,Eric Tangradi,L
8475844,Kenny Agostino,L
8476465,Ryan Murphy,D
8476545,Kurtis Gabriel,R
8476941,Connor Carrick,D
8477520,Jean-Sebastien Dea,C
8477972,Josh Jacobs,D
8478841,Colton White,D
8478881,Brett Seney,L
8479315,Joey Anderson,R
8479330,Brandon Gignac,C
8479414,Nathan Bastian,R
8479415,Michael McLeod,C
8480948,Egor Yakovlev,D
8478406,Mackenzie Blackwood,G
8460720,Eric Boulton,L
8469623,Marek Zidlicky,D
8470144,Frans Nielsen,C
8470187,Johnny Boychuk,D
8470609,Steve Bernier,R
8471362,Mikhail Grabovski,C
8471996,Bracken Kearns,C
8473449,Kyle Okposo,R
8473504,Cal Clutterbuck,R
8473565,Brian Strait,D
8473579,Nikolay Kulemin,L
8474066,Thomas Hickey,D
8474573,Josh Bailey,R
8474612,Travis Hamonic,D
8474709,Matt Martin,L
8475166,John Tavares,C
8475177,Calvin de Haan,D
8475181,Nick Leddy,D
8475192,Taylor Beck,L
8475231,Casey Cizikas,C
8475314,Anders Lee,L
8475754,Brock Nelson,C
8476386,Shane Prince,L
8476409,Alan Quine,C
8476429,Scott Mayfield,D
8476458,Ryan Strome,C
8476917,Adam Pelech,D
8477506,Ryan Pulock,D
8477527,Ross Johnston,L
8470860,Jaroslav Halak,G
8471306,Thomas Greiss,G
8475234,J-F Berube,G
8476444,Christopher Gibson,G
8466251,Jason Chimera,L
8469619,Dennis Seidenberg,D
8471217,Andrew Ladd,L
8472410,Stephen Gionta,C
8477881,Connor Jones,C
8477959,Joshua Ho-Sang,R
8478445,Mathew Barzal,C
8478463,Anthony Beauvillier,L
8474586,Jordan Eberle,R
8475780,Chris Wagner,R
8475869,Brandon Davidson,D
8477936,Michael Dal Colle,L
8479206,Tanner Fritz,C
8480222,Sebastian Aho,D
8470047,Valtteri Filppula,C
8473463,Leo Komarov,R
8474579,Luca Sbisa,D
8475832,Tom Kuhnhackl,R
8478038,Devon Toews,D
8475215,Robin Lehner,G
8467096,Dan Boyle,D
8468526,Jarret Stoll,C
8468575,Dominic Moore,C
8470041,Rick Nash,L
8470230,Daniel Paille,L
8470595,Eric Staal,C
8470630,Kevin Klein,D
8470854,Tanner Glass,L
8471686,Marc Staal,D
8471735,Keith Yandle,D
8471958,Dan Girardi,D
8473537,Viktor Stalberg,L
8473544,Derick Brassard,C
8473589,Chris Summers,D
8474151,Ryan McDonagh,D
8474613,Derek Stepan,C
8475184,Chris Kreider,L
8475692,Mats Zuccarello,R
8475715,Oscar Lindberg,L
8475763,Kevin Hayes,R
8475770,Emerson Etem,R
8475795,Dylan McIlrath,D
8475855,Jesper Fast,R
8475949,Marek Hrivik,L
8476468,J.T. Miller,C
8476869,Brady Skjei,D
8477126,Jayson Megna,C
8476244,Raphael Diaz,D
8468685,Henrik Lundqvist,G
8476433,Magnus Hellberg,G
8477293,Antti Raanta,G
8473546,Michael Grabner,L
8474000,Steven Kampfer,D
8474090,Brendan Smith,D
8474207,Nick Holden,D
8475192,Taylor Beck,L
8475204,Brandon Pirri,C
8476431,Adam Clendening,D
8476459,Mika Zibanejad,C
8476477,Matt Puempel,L
8476482,Nicklas Jensen,R
8476918,Jimmy Vesey,L
8476922,Boo Nieves,C
8477402,Pavel Buchnevich,R
8477591,Josh Jooris,R
8471490,Adam Cracknell,R
8471657,Cody McLeod,L
8471976,David Desharnais,C
8473492,Matt Beleskey,L
8474008,Paul Carey,C
8474031,Kevin Shattenkirk,D
8475180,Peter Holland,C
8475727,Ryan Spooner,C
8476303,Rob O'Gara,D
8476396,Steven Fogarty,C
8476401,Daniel Catenacci,C
8476450,Ryan Sproul,D
8476480,Vladislav Namestnikov,C
8477337,John Gilmour,D
8477950,Tony DeAngelo,D
8479968,Vinni Lettieri,R
8480072,Lias Andersson,C
8480078,Filip Chytil,C
8480145,Neal Pionk,D
8471715,Ondrej Pavelec,G
8477990,Brandon Halverson,G
8480382,Alexandar Georgiev,G
8471717,Adam McQuaid,D
8475736,Connor Brickley,L
8476368,Fredrik Claesson,D
8476458,Ryan Strome,C
8477962,Brendan Lemieux,L
8479324,Ryan Lindgren,D
8479333,Libor Hajek,D
8479353,Brett Howden,C
8479364,Tim Gettinger,L
8467329,Vincent Lecavalier,C
8468309,Mark Streit,D
8468513,Nick Schultz,D
8469469,R.J. Umberger,C
8470644,Colin McDonald,R
8471762,Chris VandeVelde,C
8473466,Ryan White,C
8473512,Claude Giroux,C
8473584,Andrew MacDonald,D
8474040,Sam Gagner,C
8474161,Jakub Voracek,R
8474190,Wayne Simmonds,R
8474568,Luke Schenn,D
8474584,Michael Del Zotto,D
8475170,Brayden Schenn,C
8475430,Brandon Manning,D
8475462,Radko Gudas,D
8475738,Jordan Weal,C
8476177,Matt Read,R
8476393,Nick Cousins,C
8476461,Sean Couturier,C
8476872,Scott Laughton,C
8476906,Shayne Gostisbehere,D
8476955,Taylor Leier,L
8477290,Michael Raffl,L
8477930,Pierre-Edouard Bellemare,C
8478563,Evgeny Medvedev,D
8473461,Steve Mason,G
8473607,Michal Neuvirth,G
8470047,Valtteri Filppula,C
8470159,Boyd Gordon,C
8474668,Dale Weise,R
8477462,Robert Hagg,D
8477502,Samuel Morin,D
8478439,Travis Konecny,R
8478500,Ivan Provorov,D
8479648,Roman Lyubimov,L
8480087,Mike Vecchione,R
8476932,Anthony Stolarz,G
8469665,Johnny Oduya,D
8473440,Will O'Neill,D
8474627,Jori Lehtera,C
8475729,Mark Alt,D
8477399,Tyrell Goulbourne,L
8477948,Travis Sanheim,D
8478067,Oskar Lindblom,L
8478365,Danick Martel,L
8479974,Nolan Patrick,C
8470880,Brian Elliott,G
8475852,Petr Mrazek,G
8479312,Alex Lyon,G
8474037,James van Riemsdyk,L
8475260,Corban Knight,C
8475321,Phil Varone,C
8477451,Ryan Hartman,R
8477473,Justin Bailey,R
8477850,Christian Folin,D
8477979,Nicolas Aube-Kubel,R
8478017,Mark Friedman,D
8478844,Mikhail Vorobyev,C
8479026,Philippe Myers,D
8470093,Mike McKenna,G
8475660,Cam Talbot,G
8475717,Calvin Pickard,G
8479394,Carter Hart,G
8464989,Matt Cullen,C
8466393,Pascal Dupuis,R
8467452,Rob Scuderi,D
8470110,Trevor Daley,D
8470543,Chris Kunitz,L
8470611,Eric Fehr,C
8471215,Evgeni Malkin,C
8471331,Kevin Porter,C
8471675,Sidney Crosby,C
8471724,Kris Letang,D
8471887,Patric Hornqvist,R
8473542,Tom Sestito,L
8473548,Phil Kessel,R
8473933,Ben Lovejoy,D
8474009,Nick Bonino,C
8474013,Ian Cole,D
8474102,David Perron,L
8474176,Carl Hagelin,L
8474602,Justin Schultz,D
8474660,David Warsofsky,D
8475208,Brian Dumoulin,D
8475761,Beau Bennett,R
8475810,Bryan Rust,R
8475832,Tom Kuhnhackl,R
8476147,Kael Mouillierat,L
8476293,Scott Wilson,L
8476326,Josh Archibald,R
8476431,Adam Clendening,D
8476769,Bobby Farnham,R
8476874,Olli Maatta,D
8476884,Derrick Pouliot,D
8476897,Oskar Sundqvist,C
8477839,Conor Sheary,L
8478466,Daniel Sprong,R
8478866,Dominik Simon,C
8478928,Sergei Plotnikov,L
8470594,Marc-Andre Fleury,G
8473553,Jeff Zatkoff,G
8476899,Matt Murray,G
8468309,Mark Streit,D
8468493,Ron Hainsey,D
8474611,Cameron Gaunce,D
8476162,Steve Oleksy,D
8476302,Frank Corrado,D
8477240,Carter Rowney,C
8477244,Chad Ruhwedel,D
8477404,Jake Guentzel,L
8477520,Jean-Sebastien Dea,C
8477237,Mike Condon,G
8477465,Tristan Jarry,G
8471436,Matt Hunwick,D
8471817,Ryan Reaves,R
8473544,Derick Brassard,C
8475735,Greg McKegg,C
8475772,Riley Sheahan,C
8475902,Zach Trotman,D
8476467,Jamie Oleksiak,D
8477591,Josh Jooris,R
8479944,Zach Aston-Reese,C
8474550,Antti Niemi,G
8479193,Casey DeSmith,G
8471677,Jack Johnson,D
8474683,Derek Grant,C
8475253,Garrett Wilson,L
8475760,Nick Bjugstad,C
8475790,Erik Gudbranson,D
8476871,Tanner Pearson,L
8476927,Teddy Blueger,C
8477010,Joseph Blandisi,C
8477955,Jared McCann,C
8477969,Marcus Pettersson,D
8480341,Adam Johnson,C
8480945,Juuso Riikola,D
8465009,Zdeno Chara,D
8467967,Chris Kelly,C
8468639,John-Michael Liles,D
8469619,Dennis Seidenberg,D
8470171,Max Talbot,C
8470626,Loui Eriksson,L
8470638,Patrice Bergeron,C
8470740,Lee Stempniak,R
8471276,David Krejci,C
8471717,Adam McQuaid,D
8473419,Brad Marchand,L
8473492,Matt Beleskey,L
8474019,Tommy Cross,D
8474625,Jimmy Hayes,R
8474736,Zac Rinaldo,L
8475157,Landon Ferraro,C
8475292,Tyler Randell,R
8475625,Matt Irwin,D
8475727,Ryan Spooner,C
8475792,Brett Connolly,R
8475902,Zach Trotman,D
8476191,Kevan Miller,D
8476435,Alex Khokhlachev,C
8476476,Joe Morrow,D
8476495,Seth Griffith,C
8476525,Colin Miller,D
8476792,Torey Krug,D
8477956,David Pastrnak,R
8478366,Frank Vatrano,C
8478564,Joonas Kemppainen,C
8478569,Noel Acciari,C
8471695,Tuukka Rask,G
8475361,Jonas Gustavsson,G
8468575,Dominic Moore,C
8470655,David Backes,R
8471226,Drew Stafford,R
8474062,Riley Nash,C
8476303,Rob O'Gara,D
8476374,Sean Kuraly,C
8476891,Matt Grzelcyk,D
8477213,Tim Schaller,C
8477320,Anton Blidh,L
8477417,Peter Cehlarik,L
8478046,Danton Heinen,C
8478417,Jakob Forsbacka Karlsson,C
8478443,Brandon Carlo,D
8478512,Austin Czarnik,C
8479325,Charlie McAvoy,D
8471418,Anton Khudobin,G
8475876,Zane McIntyre,G
8476876,Malcolm Subban,G
8467407,Brian Gionta,R
8470041,Rick Nash,L
8474074,Paul Postma,D
8474207,Nick Holden,D
8474739,Tommy Wingels,C
8475224,Jordan Szwarz,R
8475844,Kenny Agostino,L
8477529,Colby Cave,C
8477987,Ryan Donato,C
8478075,Anders Bjork,L
8478498,Jake DeBrusk,L
8474000,Steven Kampfer,D
8474008,Paul Carey,C
8475149,Marcus Johansson,L
8475186,John Moore,D
8475745,Charlie Coyle,C
8475780,Chris Wagner,R
8475807,Joakim Nordstrom,C
8476966,Gemel Smith,C
8477365,Connor Clifton,D
8478415,Jakub Zboril,D
8478468,Jeremy Lauzon,D
8478485,Zach Senyshyn,R
8479365,Trent Frederic,C
8480001,Urho Vaakanainen,D
8480901,Karson Kuhlman,C
8470860,Jaroslav Halak,G
8467330,David Legwand,C
8467407,Brian Gionta,R
8469470,Carlo Colaiacovo,D
8470324,Josh Gorges,D
8470852,Matt Moulson,L
8471742,Cody Franson,D
8471811,Cal O'Reilly,C
8473426,Mike Weber,D
8473465,Jamie McGinn,L
8474567,Zach Bogosian,D
8474589,Tyler Ennis,R
8475158,Ryan O'Reilly,C
8475169,Evander Kane,L
8475220,Marcus Foligno,L
8475235,Nicolas Deslauriers,L
8475321,Phil Varone,C
8475728,Johan Larsson,C
8475796,Mark Pysyk,D
8476401,Daniel Catenacci,C
8476766,Cole Schneider,L
8476878,Zemgus Girgensons,C
8476931,Jake McCabe,D
8477213,Tim Schaller,C
8477244,Chad Ruhwedel,D
8477392,Hudson Fasching,R
8477473,Justin Bailey,R
8477499,Rasmus Ristolainen,D
8477933,Sam Reinhart,C
8478403,Jack Eichel,C
8478542,Evan Rodrigues,L
8479268,Casey Nelson,D
8473434,Chad Johnson,G
8475215,Robin Lehner,G
8476309,Jason Kasdorf,G
8476999,Linus Ullmark,G
8473449,Kyle Okposo,R
8473992,Justin Falk,D
8474683,Derek Grant,C
8475179,Dmitry Kulikov,D
8475982,Erik Burgdoerfer,D
8476166,Taylor Fedun,D
8477041,Brady Austin,D
8477391,Sean Malone,C
8477478,William Carrier,L
8477491,Nick Baptiste,R
8478425,Brendan Guhle,D
8479423,Alexander Nylander,L
8480083,C.J. Smith,L
8475195,Anders Nilsson,G
8469506,Jason Pominville,R
8471678,Benoit Pouliot,L
8474618,Marco Scandella,D
8474743,Zach Redmond,D
8475185,Jacob Josefson,C
8475325,Jordan Nolan,C
8476293,Scott Wilson,L
8476470,Nathan Beaulieu,D
8476495,Seth Griffith,C
8476807,Matt Tennyson,D
8476982,Danny O'Regan,C
8479304,Kyle Criscuolo,C
8479755,Victor Antipin,D
8479999,Casey Mittelstadt,C
8476330,Adam Wilcox,G
8471436,Matt Hunwick,D
8471743,Vladimir Sobotka,C
8473534,Patrik Berglund,C
8475784,Jeff Skinner,L
8477461,Remi Elie,L
8477839,Conor Sheary,L
8477986,Brandon Montour,D
8478109,Victor Olofsson,L
8478840,William Borgen,D
8479420,Tage Thompson,R
8480839,Rasmus Dahlin,D
8480935,Lawrence Pilut,D
8475622,Carter Hutton,G
8467496,Andrei Markov,D
8469521,Tomas Plekanec,C
8470039,Tomas Fleischmann,L
8470104,Tom Gilbert,D
8470120,Alexander Semin,R
8471296,Alexei Emelin,D
8471338,Torrey Mitchell,C
8471371,Mike Brown,R
8471976,David Desharnais,C
8473431,Bud Holloway,C
8473507,Jeff Petry,D
8473658,Victor Bartley,D
8473722,John Scott,L
8474038,Paul Byron,L
8474056,P.K. Subban,D
8474157,Max Pacioretty,L
8474189,Lars Eller,C
8474668,Dale Weise,R
8474688,Greg Pateryn,D
8474717,Mark Barberio,D
8475749,Christian Thomas,L
8475758,Devante Smith-Pelly,R
8475782,Morgan Ellis,D
8475797,Jarred Tinordi,D
8475848,Brendan Gallagher,R
8476379,Darren Dietz,D
8476451,Lucas Lessio,L
8476470,Nathan Beaulieu,D
8476479,Phillip Danault,C
8476808,Brian Flynn,C
8476851,Alex Galchenyuk,C
8476870,Stefan Matteau,C
8476948,Charles Hudon,L
8477413,Sven Andrighetto,R
8477446,Michael McCarron,R
8477455,Jacob de la Rose,C
8477810,Joel Hanley,D
8477901,Daniel Carr,L
8478004,Brett Lernout,D
8478963,Ryan Johnston,D
8471679,Carey Price,G
8474682,Dustin Tokarski,G
8475681,Ben Scrivens,G
8477237,Mike Condon,G
8479292,Charlie Lindgren,G
8468505,Steve Ott,C
8470642,Shea Weber,D
8471228,Alexander Radulov,R
8474052,Chris Terry,L
8474100,Dwight King,L
8474743,Zach Redmond,D
8474818,Jordie Benn,D
8475869,Brandon Davidson,D
8476300,Nikita Nesterov,D
8476381,Andrew Shaw,R
8476769,Bobby Farnham,R
8477476,Artturi Lehkonen,L
8477957,Nikita Scherbak,R
8478561,Andreas Martinsen,L
8479410,Mikhail Sergachev,D
8471219,Al Montoya,G
8468309,Mark Streit,D
8469466,Ales Hemsky,R
8473673,David Schlemko,D
8473991,Karl Alzner,D
8475235,Nicolas Deslauriers,L
8475278,Byron Froese,C
8476400,Logan Shaw,R
8476422,Mike Reilly,D
8476476,Joe Morrow,D
8477494,Jonathan Drouin,L
8477510,Kerby Rychel,L
8477642,Rinat Valiev,D
8478454,Noah Juulsen,D
8479376,Victor Mete,D
8480143,Jakub Jerabek,D
8474550,Antti Niemi,G
8470775,Nate Thompson,C
8475193,Tomas Tatar,L
8475738,Jordan Weal,C
8475808,Michael Chaput,C
8475844,Kenny Agostino,L
8476285,Matthew Peca,C
8476443,Xavier Ouellet,D
8476469,Joel Armia,R
8476967,Brett Kulak,D
8477503,Max Domi,C
8477850,Christian Folin,D
8480068,Ryan Poehling,C
8480829,Jesperi Kotkaniemi,C
8467351,Scott Gomez,C
8467493,Chris Neil,R
8470599,Milan Michalek,L
8470602,Dion Phaneuf,D
8470667,Clarke MacArthur,L
8470760,Marc Methot,D
8471676,Bobby Ryan,R
8471862,Colin Greening,C
8474068,Kyle Turris,C
8474250,Zack Smith,C
8474497,Michael Kostka,D
8474578,Erik Karlsson,D
8474605,Patrick Wiercioch,D
8474697,Mark Borowiecki,D
8474884,Mike Hoffman,L
8475163,Alex Chiasson,R
8475174,Jared Cowen,D
8475227,Chris Wideman,D
8475321,Phil Varone,C
8475661,Dave Dziurzynski,L
8475913,Mark Stone,R
8476288,Ryan Dzingel,C
8476323,Max McCormick,L
8476368,Fredrik Claesson,D
8476386,Shane Prince,L
8476419,Jean-Gabriel Pageau,C
8476459,Mika Zibanejad,C
8476477,Matt Puempel,L
8476879,Cody Ceci,D
8477210,Buddy Robinson,R
8477426,Nick Paul,L
8477433,Ben Harpur,D
8477508,Curtis Lazar,C
8467950,Craig Anderson,G
8476904,Chris Driedger,G
8477202,Andrew Hammond,G
8478559,Matthew O'Connor,G
8467967,Chris Kelly,C
8470358,Alexandre Burrows,R
8471663,Mike Blunden,R
8471768,Tom Pyatt,L
8473537,Viktor Stalberg,L
8473544,Derick Brassard,C
8474018,Christopher DiDomenico,L
8474739,Tommy Wingels,C
8476279,Jyrki Jokipakka,D
8477971,Andreas Englund,D
8478376,Casey Bailey,R
8478400,Colin White,C
8478469,Thomas Chabot,D
8477237,Mike Condon,G
8468483,Marian Gaborik,R
8469665,Johnny Oduya,D
8470775,Nate Thompson,C
8474024,Jim O'Brien,C
8475168,Matt Duchene,C
8475175,Magnus Paajarvi,L
8475254,Gabriel Dumont,C
8475328,Ben Sexton,C
8475982,Erik Burgdoerfer,D
8476406,Nick Shore,C
8476890,Patrick Sieloff,D
8478268,Jack Rodewald,R
8478488,Filip Chlapik,C
8478846,Christian Wolanin,D
8478868,Christian Jaros,D
8479366,Logan Brown,C
8480029,Alex Formenton,L
8471433,Daniel Taylor,G
8473992,Justin Falk,D
8474008,Paul Carey,C
8474571,Mikkel Boedker,L
8474597,Cody Goloubef,D
8475206,Stefan Elliott,D
8475423,Darren Archibald,R
8475715,Oscar Lindberg,L
8476207,Brian Gibbons,C
8476331,Dylan DeMelo,D
8476919,Chris Tierney,C
8477407,Anthony Duclair,L
8478870,Rudolfs Balcers,L
8479320,Maxime Lajoie,D
8479411,Vitaly Abramov,R
8480073,Erik Brannstrom,D
8480208,Drake Batherson,R
8480314,Max Veronneau,R
8480801,Brady Tkachuk,L
8470093,Mike McKenna,G
8475195,Anders Nilsson,G
8477405,Marcus Hogberg,G
8478916,Joey Daccord,G
8468504,Brad Boyes,R
8469639,Brooks Laich,C
8469707,PA Parenteau,R
8470207,Joffrey Lupul,L
8470599,Milan Michalek,L
8470602,Dion Phaneuf,D
8471392,Roman Polak,D
8471436,Matt Hunwick,D
8471476,Daniel Winnik,L
8471733,Rich Clune,L
8471862,Colin Greening,C
8473463,Leo Komarov,R
8473546,Michael Grabner,L
8473574,Shawn Matthias,L
8474037,James van Riemsdyk,L
8474096,Nick Spaling,C
8474113,TJ Brennan,D
8474581,Jake Gardiner,D
8474638,Andrew Campbell,D
8474727,Ben Smith,R
8475098,Tyler Bozak,C
8475172,Nazem Kadri,C
8475180,Peter Holland,C
8475278,Byron Froese,C
8475716,Martin Marincin,D
8475786,Zach Hyman,L
8475842,Sam Carrick,C
8476062,Mark Arcobello,R
8476302,Frank Corrado,D
8476410,Josh Leivo,L
8476449,Scott Harrington,D
8476478,Stuart Percy,D
8476853,Morgan Rielly,D
8476894,Brendan Leipsic,L
8476941,Connor Carrick,D
8477015,Connor Brown,R
8477033,Viktor Loov,D
8477427,Tobias Lindberg,R
8477512,Frederik Gauthier,C
8477642,Rinat Valiev,D
8477939,William Nylander,R
8477953,Kasperi Kapanen,R
8478373,Nikita Soshnikov,R
8473503,James Reimer,G
8473541,Jonathan Bernier,G
8476343,Garret Sparks,G
8470611,Eric Fehr,C
8470619,Brian Boyle,C
8474709,Matt Martin,L
8476289,Alexey Marchenko,D
8476495,Seth Griffith,C
8478483,Mitchell Marner,R
8479318,Auston Matthews,C
8479458,Nikita Zaitsev,D
8470147,Curtis McElhinney,G
8473523,Jhonas Enroth,G
8475883,Frederik Andersen,G
8477312,Antoine Bibeau,G
8466139,Patrick Marleau,C
8468493,Ron Hainsey,D
8468575,Dominic Moore,C
8469521,Tomas Plekanec,C
8475718,Justin Holl,D
8477341,Andreas Johnsson,L
8478408,Travis Dermott,D
8480157,Calle Rosen,D
8480158,Andreas Borgman,D
8475717,Calvin Pickard,G
8474162,Jake Muzzin,D
8474589,Tyler Ennis,R
8475166,John Tavares,C
8477464,Nic Petan,C
8479675,Trevor Moore,L
8480943,Igor Ozhiganov,D
8480944,Par Lindholm,C
8474636,Michael Hutchinson,G
8468493,Ron Hainsey,D
8468639,John-Michael Liles,D
8469508,Jay McClement,C
8470222,James Wisniewski,D
8470595,Eric Staal,C
8471346,Kris Versteeg,R
8471804,Nathan Gerbe,C
8473533,Jordan Staal,C
8474052,Chris Terry,L
8474062,Riley Nash,C
8474089,Brad Malone,C
8474661,Michal Jordan,D
8475250,Andrej Nestrasil,C
8475753,Justin Faulk,D
8475784,Jeff Skinner,L
8475807,Joakim Nordstrom,C
8475980,Brody Sutter,C
8476437,Victor Rask,C
8476465,Ryan Murphy,D
8476858,Phillip Di Giuseppe,L
8476934,Brock McGinn,L
8476944,Brendan Woods,L
8476953,Trevor Carrick,D
8476958,Jaccob Slavin,D
8477488,Brett Pesce,D
8477496,Elias Lindholm,C
8477566,Sergey Tolchinsky,L
8477887,Patrick Brown,C
8478396,Noah Hanifin,D
8478585,Derek Ryan,C
8470320,Cam Ward,G
8475663,Eddie Lack,G
8470740,Lee Stempniak,R
8471254,Bryan Bickell,L
8473537,Viktor Stalberg,L
8476403,Klas Dahlbeck,D
8476427,Ty Rattie,R
8476807,Matt Tennyson,D
8476882,Teuvo Teravainen,L
8476924,Martin Frk,R
8477458,Valentin Zykov,L
8478027,Lucas Wallmark,C
8478427,Sebastian Aho,C
8478562,Jakub Nakladal,D
8479249,Andrew Poturalski,C
8468038,Michael Leighton,G
8477968,Alex Nedeljkovic,G
8479115,Jorge Alves,G
8468508,Justin Williams,R
8475323,Marcus Kruger,C
8477591,Josh Jooris,R
8477845,Trevor van Riemsdyk,D
8477938,Haydn Fleury,D
8477981,Roland McKeown,D
8477998,Warren Foegele,L
8478462,Nicolas Roy,C
8479511,Janne Kuokkanen,L
8480039,Martin Necas,C
8474152,Scott Darling,G
8475177,Calvin de Haan,D
8475735,Greg McKegg,C
8475799,Nino Niederreiter,R
8475907,Micheal Ferland,L
8476462,Dougie Hamilton,D
8476921,Jordan Martinook,L
8477357,Saku Maenalanen,R
8478056,Clark Bishop,C
8479402,Jake Bean,D
8480830,Andrei Svechnikov,R
8478839,Aleksi Saarela,C
8470147,Curtis McElhinney,G
8475852,Petr Mrazek,G
8448208,Jaromir Jagr,R
8465185,Willie Mitchell,D
8465978,Shawn Thornton,L
8466285,Brian Campbell,D
8468001,Derek MacKenzie,C
8469638,Jussi Jokinen,L
8470201,Jiri Hudler,R
8471245,Dave Bolland,C
8471693,Jakub Kindl,D
8473962,Teddy Purcell,L
8474000,Steven Kampfer,D
8474698,Brent Regner,D
8475153,Dylan Olsen,D
8475179,Dmitry Kulikov,D
8475191,Reilly Smith,R
8475204,Brandon Pirri,C
8475253,Garrett Wilson,L
8475260,Corban Knight,C
8475735,Greg McKegg,C
8475736,Connor Brickley,L
8475755,Alexander Petrovic,D
8475756,John McFarland,L
8475760,Nick Bjugstad,C
8475769,Quinton Howden,C
8475790,Erik Gudbranson,D
8476389,Vincent Trocheck,C
8476400,Logan Shaw,R
8476415,Kyle Rau,C
8476428,Rocco Grimaldi,R
8476456,Jonathan Huberdeau,L
8476875,Mike Matheson,D
8477493,Aleksander Barkov,C
8477932,Aaron Ekblad,D
8466141,Roberto Luongo,G
8471219,Al Montoya,G
8470598,Thomas Vanek,L
8471735,Keith Yandle,D
8474098,Colton Sceviour,C
8474218,Jason Demers,D
8475597,Shane Harper,R
8475795,Dylan McIlrath,D
8475796,Mark Pysyk,D
8475958,Michael Sgarbossa,C
8476200,Paul Thompson,R
8476495,Seth Griffith,C
8476539,Jonathan Marchessault,C
8477346,MacKenzie Weegar,D
8477452,Ian McCoshen,D
8477955,Jared McCann,C
8478843,Denis Malgin,C
8473499,Reto Berra,G
8473503,James Reimer,G
8468085,Radim Vrbata,R
8473465,Jamie McGinn,L
8474149,Evgenii Dadonov,R
8474230,Micheal Haley,C
8476322,Chase Balisy,C
8477583,Curtis Valk,C
8478211,Dryden Hunt,L
8478366,Frank Vatrano,C
8479404,Henrik Borgstrom,C
8479553,Maxim Mamin,C
8480015,Owen Tippett,R
8480164,Henrik Haapala,L
8474550,Antti Niemi,G
8474667,Harri Sateri,G
8471426,Troy Brouwer,R
8473544,Derick Brassard,C
8474884,Mike Hoffman,L
8475227,Chris Wideman,D
8475772,Riley Sheahan,C
8477384,Josh Brown,D
8477963,Jayce Hawryluk,C
8477996,Juho Lammikko,R
8479388,Riley Stillman,D
8479439,Jacob MacDonald,D
8479447,Anthony Greco,R
8480955,Bogdan Kiselevich,D
8481442,Brady Keeper,D
8474636,Michael Hutchinson,G
8478470,Sam Montembeault,G
8470047,Valtteri Filppula,C
8470601,Braydon Coburn,D
8470619,Brian Boyle,C
8470640,Matt Carle,D
8471339,Ryan Callahan,R
8471663,Mike Blunden,R
8471873,Anton Stralman,D
8471916,Mike Angelidis,L
8473588,Erik Condra,R
8473986,Alex Killorn,L
8474520,Jason Garrison,D
8474564,Steven Stamkos,C
8474722,Luke Witkowski,D
8474870,Tyler Johnson,C
8475060,Matt Taormina,D
8475167,Victor Hedman,D
8475775,Tye McGinn,L
8476292,Ondrej Palat,L
8476300,Nikita Nesterov,D
8476453,Nikita Kucherov,R
8476480,Vladislav Namestnikov,C
8476539,Jonathan Marchessault,C
8476806,J.T. Brown,R
8476826,Yanni Gourde,C
8476886,Slater Koekkoek,D
8476975,Cedric Paquette,C
8477205,Andrej Sustr,D
8477326,Joel Vermin,R
8477494,Jonathan Drouin,L
8471750,Ben Bishop,G
8476883,Andrei Vasilevskiy,G
8477356,Kristers Gudlevskis,G
8475254,Gabriel Dumont,C
8475278,Byron Froese,C
8475735,Greg McKegg,C
8475739,Michael Bournival,L
8476195,Cory Conacher,C
8476285,Matthew Peca,C
8476911,Tanner Richard,C
8477009,Jake Dotchin,D
8477454,Adam Erne,L
8478010,Brayden Point,C
8469514,Peter Budaj,G
8470543,Chris Kunitz,L
8471958,Dan Girardi,D
8474151,Ryan McDonagh,D
8476468,J.T. Miller,C
8478519,Anthony Cirelli,C
8479410,Mikhail Sergachev,D
8475839,Louis Domingue,G
8474611,Cameron Gaunce,D
8478365,Danick Martel,L
8478416,Erik Cernak,D
8478472,Mathieu Joseph,R
8480172,Jan Rutta,D
8475277,Edward Pasquale,G
8466251,Jason Chimera,L
8468498,Brooks Orpik,D
8468508,Justin Williams,R
8469639,Brooks Laich,C
8470617,Mike Richards,C
8471214,Alex Ovechkin,L
8471476,Daniel Winnik,L
8471698,T.J. Oshie,R
8471702,Matt Niskanen,D
8471710,Taylor Chorney,D
8473426,Mike Weber,D
8473563,Nicklas Backstrom,C
8473991,Karl Alzner,D
8474008,Paul Carey,C
8474291,Jay Beagle,C
8474590,John Carlson,D
8474604,Aaron Ness,D
8474744,Sean Collins,C
8475119,Zach Sill,C
8475149,Marcus Johansson,L
8475161,Chris Brown,R
8475200,Dmitry Orlov,D
8475247,Michael Latta,C
8475598,Ryan Stanton,D
8475744,Evgeny Kuznetsov,C
8475816,Stanislav Galiev,R
8476880,Tom Wilson,R
8476905,Chandler Stephenson,C
8476941,Connor Carrick,D
8477220,Nate Schmidt,D
8477444,Andre Burakovsky,L
8474651,Braden Holtby,G
8475831,Philipp Grubauer,G
8474031,Kevin Shattenkirk,D
8474189,Lars Eller,C
8475291,Garrett Mitchell,R
8475792,Brett Connolly,R
8477003,Riley Barber,R
8477070,Liam O'Brien,C
8477482,Zach Sanford,L
8477944,Jakub Vrana,L
8474061,Anthony Peluso,R
8475163,Alex Chiasson,R
8475758,Devante Smith-Pelly,R
8476329,Travis Boyd,C
8476344,Tyler Graovac,C
8477043,Christian Djoos,D
8477474,Madison Bowey,D
8477573,Nathan Walker,L
8478063,Shane Gersich,L
8479482,Michal Kempny,D
8480143,Jakub Jerabek,D
8474176,Carl Hagelin,L
8475324,Nick Jensen,D
8475343,Nic Dowd,C
8476436,Dmitrij Jaskin,R
8477343,Tyler Lewington,D
8478399,Jonas Siegenthaler,D
8477831,Pheonix Copley,G
8465058,Michal Rozsival,D
8466148,Marian Hossa,R
8467452,Rob Scuderi,D
8469555,Christian Ehrhoff,D
8470039,Tomas Fleischmann,L
8470110,Trevor Daley,D
8470281,Duncan Keith,D
8470607,Brent Seabrook,D
8471217,Andrew Ladd,L
8471254,Bryan Bickell,L
8471769,Niklas Hjalmarsson,D
8471956,Andrew Desjardins,L
8473573,Artem Anisimov,C
8473604,Jonathan Toews,C
8474141,Patrick Kane,R
8474588,Viktor Tikhonov,R
8474668,Dale Weise,R
8474850,Brandon Mashinter,L
8475182,David Rundblad,D
8475209,Richard Panik,R
8475323,Marcus Kruger,C
8476116,Ryan Garbutt,C
8476381,Andrew Shaw,R
8476471,Mark McNeill,C
8476479,Phillip Danault,C
8476882,Teuvo Teravainen,L
8476979,Erik Gustafsson,D
8476994,Vinnie Hinostroza,R
8477300,Viktor Svedberg,D
8477448,Marko Dano,C
8477451,Ryan Hartman,R
8477845,Trevor van Riemsdyk,D
8477929,Dennis Rasmussen,C
8478137,Jiri Sekac,L
8478393,Kyle Baun,R
8478528,Tanner Kero,C
8478550,Artemi Panarin,L
8468038,Michael Leighton,G
8470645,Corey Crawford,G
8474152,Scott Darling,G
8466285,Brian Campbell,D
8469547,Jordin Tootoo,R
8469665,Johnny Oduya,D
8476430,Tomas Jurco,R
8476805,Spencer Abbott,L
8477353,Tyler Motte,C
8477401,John Hayden,C
8477951,Nick Schmaltz,C
8478055,Gustav Forsling,D
8479482,Michal Kempny,D
8469544,Patrick Sharp,L
8471742,Cody Franson,D
8474642,Lance Bouma,L
8474739,Tommy Wingels,C
8476438,Brandon Saad,L
8476473,Connor Murphy,D
8477407,Anthony Duclair,L
8477472,Carl Dahlstrom,D
8477851,Jordan Oesterle,D
8478106,Dylan Sikura,R
8478146,Matthew Highmore,C
8478561,Andreas Martinsen,L
8479337,Alex DeBrincat,L
8479595,Blake Hillman,D
8480144,David Kampf,C
8480153,Victor Ejdsell,C
8480172,Jan Rutta,D
8471301,Jeff Glass,G
8475234,J-F Berube,G
8476341,Anton Forsberg,G
8479138,Scott Foster,G
8480420,Collin Delia,G
8470543,Chris Kunitz,L
8475430,Brandon Manning,D
8475869,Brandon Davidson,D
8476886,Slater Koekkoek,D
8477366,Luke Johnson,C
8477943,Brendan Perlini,L
8478440,Dylan Strome,C
8478502,Dennis Gilbert,D
8479465,Drake Caggiula,C
8479657,Alexandre Fortin,L
8480035,Henri Jokiharju,D
8480946,Dominik Kahun,C
8480954,Jacob Nilsson,C
8470320,Cam Ward,G
8467389,Brad Richards,C
8467514,Pavel Datsyuk,C
8468083,Henrik Zetterberg,C
8468509,Niklas Kronwall,D
8470318,Jonathan Ericsson,D
8470724,Kyle Quincey,D
8470778,Drew Miller,L
8471242,Mike Green,D
8471309,Johan Franzen,R
8471693,Jakub Kindl,D
8471716,Justin Abdelkader,L
8471794,Darren Helm,L
8474025,Eric Tangradi,L
8474090,Brendan Smith,D
8474168,Joakim Andersson,C
8474679,Gustav Nyquist,C
8475157,Landon Ferraro,C
8475193,Tomas Tatar,L
8475772,Riley Sheahan,C
8475800,Teemu Pulkkinen,L
8476289,Alexey Marchenko,D
8476430,Tomas Jurco,R
8476443,Xavier Ouellet,D
8476822,Luke Glendening,C
8476960,Andreas Athanasiou,C
8477215,Danny DeKeyser,D
8477511,Anthony Mantha,R
8477931,Tomas Nosek,L
8477946,Dylan Larkin,C
8470657,Jimmy Howard,G
8475852,Petr Mrazek,G
8468505,Steve Ott,C
8470144,Frans Nielsen,C
8470598,Thomas Vanek,L
8474873,Brian Lashoff,D
8475296,Mitch Callahan,R
8475324,Nick Jensen,D
8476043,Ben Street,C
8476418,Robbie Russo,D
8476450,Ryan Sproul,D
8477479,Tyler Bertuzzi,L
8478371,Matt Lorito,R
8478431,Evgeny Svechnikov,R
8479252,Dan Renouf,D
8477225,Jared Coreau,G
8470110,Trevor Daley,D
8471266,David Booth,L
8474722,Luke Witkowski,D
8476293,Scott Wilson,L
8476924,Martin Frk,R
8477994,Dominic Turgeon,C
8478176,Joe Hicketts,D
8475263,Wade Megan,C
8475795,Dylan McIlrath,D
8476477,Matt Puempel,L
8477455,Jacob de la Rose,C
8477474,Madison Bowey,D
8477865,Jake Chelios,D
8478036,Christoffer Ehn,C
8479395,Dennis Cholowski,D
8479425,Filip Hronek,D
8479992,Michael Rasmussen,C
8480161,Libor Sulak,D
8480821,Filip Zadina,R
8481426,Ryan Kuffner,L
8481433,Taro Hirose,L
8473541,Jonathan Bernier,G
8480363,Kaden Fulcher,G
8467370,Mike Fisher,C
8467371,Mike Ribeiro,C
8467890,Barret Jackman,D
8468700,Paul Gaustad,C
8470180,Eric Nystrom,L
8470642,Shea Weber,D
8470714,Corey Potter,D
8471707,James Neal,L
8471760,Cody Bass,C
8473658,Victor Bartley,D
8474569,Colin Wilson,C
8474570,Cody Hodgson,C
8474600,Roman Josi,D
8475176,Ryan Ellis,D
8475206,Stefan Elliott,D
8475218,Mattias Ekholm,D
8475225,Craig Smith,R
8475268,Gabriel Bourque,L
8475714,Calle Jarnkrok,C
8475766,Austin Watson,L
8475774,Petter Granberg,D
8475793,Ryan Johansen,C
8475868,Anthony Bitetto,D
8476447,Miikka Salomaki,R
8476887,Filip Forsberg,L
8476925,Colton Sissons,C
8477495,Seth Jones,D
8477942,Kevin Fiala,L
8478042,Viktor Arvidsson,R
8476857,Pontus Aberg,L
8471469,Pekka Rinne,G
8475622,Carter Hutton,G
8477424,Juuse Saros,G
8469707,PA Parenteau,R
8469759,Vernon Fiddler,C
8470640,Matt Carle,D
8471385,Adam Pardy,D
8471657,Cody McLeod,L
8473942,Trevor Smith,C
8474056,P.K. Subban,D
8474134,Yannick Weber,D
8474683,Derek Grant,C
8475436,Mike Liambas,L
8475625,Matt Irwin,D
8476158,Harry Zolnierczyk,L
8476423,Reid Boucher,C
8476779,Brad Hunt,D
8477919,Frederick Gaudreau,C
8477973,Vladislav Kamenev,C
8478851,Alexandre Carrier,D
8476992,Marek Mazanec,G
8468486,Scott Hartnell,L
8471296,Alexei Emelin,D
8474009,Nick Bonino,C
8474068,Kyle Turris,C
8477451,Ryan Hartman,R
8479398,Samuel Girard,D
8480009,Eeli Tolvanen,R
8469465,Dan Hamhuis,D
8470619,Brian Boyle,C
8474190,Wayne Simmonds,R
8474659,Matt Donovan,D
8474736,Zac Rinaldo,L
8475798,Mikael Granlund,C
8476278,Colin Blackwell,C
8476428,Rocco Grimaldi,R
8476858,Phillip Di Giuseppe,L
8478409,Anthony Richard,C
8479371,Dante Fabbro,D
8479514,Rem Pitlick,C
8467351,Scott Gomez,C
8467899,Martin Havlat,R
8468505,Steve Ott,C
8470105,Scottie Upshall,R
8470151,Jay Bouwmeester,D
8470257,Alexander Steen,L
8470378,Andre Benoit,D
8470655,David Backes,R
8470803,Kyle Brodziak,C
8471426,Troy Brouwer,R
8471669,Paul Stastny,C
8471761,Chris Butler,D
8471817,Ryan Reaves,R
8473534,Patrik Berglund,C
8474031,Kevin Shattenkirk,D
8474125,Carl Gunnarsson,D
8474145,Robert Bortuzzo,D
8474565,Alex Pietrangelo,D
8474627,Jori Lehtera,C
8475150,Jordan Caron,R
8475175,Magnus Paajarvi,L
8475765,Vladimir Tarasenko,R
8475768,Jaden Schwartz,L
8476427,Ty Rattie,R
8476436,Dmitrij Jaskin,R
8476441,Joel Edmundson,D
8476819,Jeremy Welsh,C
8476892,Colton Parayko,D
8476989,Petteri Lindbohm,D
8477952,Robby Fabbri,C
8470880,Brian Elliott,G
8474596,Jake Allen,G
8475195,Anders Nilsson,G
8476412,Jordan Binnington,G
8477831,Pheonix Copley,G
8471743,Vladimir Sobotka,C
8474102,David Perron,L
8475263,Wade Megan,C
8475844,Kenny Agostino,L
8476779,Brad Hunt,D
8476855,Nail Yakupov,R
8476877,Jordan Schmaltz,D
8477482,Zach Sanford,L
8477964,Ivan Barbashev,C
8475622,Carter Hutton,G
8469501,Chris Thorburn,R
8475170,Brayden Schenn,C
8475613,Nate Prosser,D
8475761,Beau Bennett,R
8476897,Oskar Sundqvist,C
8478104,Sammy Blais,L
8478373,Nikita Soshnikov,R
8478407,Vince Dunn,D
8479420,Tage Thompson,R
8480761,Mitch Reinke,D
8474034,Pat Maroon,L
8474584,Michael Del Zotto,D
8475098,Tyler Bozak,C
8475158,Ryan O'Reilly,C
8475325,Jordan Nolan,C
8476907,Mackenzie MacEachern,L
8479385,Jordan Kyrou,C
8480023,Robert Thomas,C
8480143,Jakub Jerabek,D
8473434,Chad Johnson,G
8468674,Deryk Engelland,D
8469770,Dennis Wideman,D
8470162,Matt Stajan,C
8470201,Jiri Hudler,R
8470877,David Jones,R
8470966,Mark Giordano,D
8471222,Ladislav Smid,D
8471664,Mason Raymond,L
8471729,Kris Russell,D
8473564,Michael Frolik,R
8474150,Mikael Backlund,C
8474577,Joe Colborne,C
8474642,Lance Bouma,L
8474673,TJ Brodie,D
8474683,Derek Grant,C
8475213,Drew Shore,C
8475650,Brandon Bollig,L
8475844,Kenny Agostino,L
8475878,Freddie Hamilton,C
8475907,Micheal Ferland,L
8476279,Jyrki Jokipakka,D
8476346,Johnny Gaudreau,L
8476440,Markus Granlund,C
8476452,Tyler Wotherspoon,D
8476462,Dougie Hamilton,D
8476505,Turner Elson,C
8476890,Patrick Sieloff,D
8476967,Brett Kulak,D
8477445,Hunter Shinkaruk,C
8477486,Emile Poirier,L
8477497,Sean Monahan,C
8477591,Josh Jooris,R
8477903,Garnet Hathaway,R
8477935,Sam Bennett,C
8478430,Oliver Kylington,D
8478562,Jakub Nakladal,D
8471403,Karri Ramo,G
8473404,Niklas Backstrom,G
8473972,Jonas Hiller,G
8475299,Joni Ortio,G
8471269,Nicklas Grossmann,D
8471346,Kris Versteeg,R
8471426,Troy Brouwer,R
8474628,Michael Stone,D
8474749,Matt Bartkowski,D
8475163,Alex Chiasson,R
8475223,Linden Vey,R
8476873,Mark Jankowski,C
8477508,Curtis Lazar,C
8478397,Rasmus Andersson,D
8479314,Matthew Tkachuk,L
8470880,Brian Elliott,G
8473434,Chad Johnson,G
8476903,Jon Gillies,G
8479496,David Rittich,G
8448208,Jaromir Jagr,R
8470854,Tanner Glass,L
8473485,Chris Stewart,R
8474612,Travis Hamonic,D
8475949,Marek Hrivik,L
8476406,Nick Shore,C
8477449,Morgan Klimchuk,L
8478233,Andrew Mangiapane,L
8479066,Ryan Lomberg,L
8480330,Spencer Foo,R
8469608,Mike Smith,G
8475663,Eddie Lack,G
8471707,James Neal,L
8474061,Anthony Peluso,R
8474774,Dalton Prout,D
8476409,Alan Quine,C
8477496,Elias Lindholm,C
8477510,Kerby Rychel,L
8478396,Noah Hanifin,D
8478512,Austin Czarnik,C
8478585,Derek Ryan,C
8479346,Dillon Dube,C
8479976,Juuso Valimaki,D
8480147,Oscar Fantenberg,D
8462042,Jarome Iginla,R
8467331,Brad Stuart,D
8467338,Alex Tanguay,L
8467400,Francois Beauchemin,D
8470317,Nate Guenin,D
8470750,John Mitchell,C
8471260,Blake Comeau,L
8471262,Carl Soderberg,C
8471657,Cody McLeod,L
8471681,Jack Skille,R
8473446,Erik Johnson,D
8473550,Andrew Bodnarchuk,D
8473574,Shawn Matthias,L
8474207,Nick Holden,D
8474571,Mikkel Boedker,L
8474743,Zach Redmond,D
8475168,Matt Duchene,C
8475197,Tyson Barrie,D
8475199,Eric Gelinas,D
8475461,Andrew Agozzino,L
8475759,Brandon Gormley,D
8475780,Chris Wagner,R
8476043,Ben Street,C
8476455,Gabriel Landeskog,L
8476888,Mikhail Grigorenko,C
8477453,Chris Bigras,D
8477492,Nathan MacKinnon,C
8477507,Nikita Zadorov,D
8477902,Dennis Everberg,R
8477916,Borna Rendulic,R
8478420,Mikko Rantanen,R
8478561,Andreas Martinsen,L
8473499,Reto Berra,G
8473575,Semyon Varlamov,G
8475717,Calvin Pickard,G
8477914,Roman Will,G
8469492,Fedor Tyutin,D
8471504,Rene Bourque,R
8474577,Joe Colborne,C
8474597,Cody Goloubef,D
8474605,Patrick Wiercioch,D
8474717,Mark Barberio,D
8474727,Ben Smith,R
8475268,Gabriel Bourque,L
8476428,Rocco Grimaldi,R
8476442,Matt Nieto,L
8476464,Duncan Siemens,D
8476511,Samuel Henley,C
8477413,Sven Andrighetto,R
8477456,J.T. Compher,L
8478073,Anton Lindholm,D
8478421,A.J. Greer,L
8479370,Tyson Jost,C
8474092,Jeremy Smith,G
8477484,Spencer Martin,G
8474569,Colin Wilson,C
8474660,David Warsofsky,D
8475729,Mark Alt,D
8475747,Patrik Nemeth,D
8476855,Nail Yakupov,R
8476952,Dominic Toninato,C
8477021,Alexander Kerfoot,C
8477973,Vladislav Kamenev,C
8478842,Andrei Mironov,D
8479398,Samuel Girard,D
8473541,Jonathan Bernier,G
8477202,Andrew Hammond,G
8473544,Derick Brassard,C
8474013,Ian Cole,D
8474685,Matt Calvert,L
8477435,Ryan Graves,D
8477448,Marko Dano,C
8480326,Sheldon Dries,C
8481186,Logan O'Connor,R
8480069,Cale Makar,D
8475831,Philipp Grubauer,G
8480925,Pavel Francouz,G
8466333,Andrew Ference,D
8468611,Matt Hendricks,C
8471232,Lauri Korpikoski,L
8471284,Andrej Sekera,D
8471348,Nikita Nikitin,D
8471385,Adam Pardy,D
8471490,Adam Cracknell,R
8471678,Benoit Pouliot,L
8471816,Mark Fayne,D
8473468,Eric Gryba,D
8473914,Mark Letestu,C
8473962,Teddy Purcell,L
8473970,Rob Klinkhammer,L
8473989,Luke Gazdic,L
8474034,Pat Maroon,L
8474586,Jordan Eberle,R
8474602,Justin Schultz,D
8475165,Anton Lander,C
8475178,Zack Kassian,R
8475791,Taylor Hall,L
8475869,Brandon Davidson,D
8476336,Iiro Pakarinen,R
8476431,Adam Clendening,D
8476454,Ryan Nugent-Hopkins,C
8476472,Oscar Klefbom,D
8476779,Brad Hunt,D
8476852,Griffin Reinhart,D
8476855,Nail Yakupov,R
8476915,Jujhar Khaira,L
8477249,Andrew Miller,C
8477415,Anton Slepyshev,L
8477498,Darnell Nurse,D
8477851,Jordan Oesterle,D
8477934,Leon Draisaitl,C
8478402,Connor McDavid,C
8475195,Anders Nilsson,G
8475660,Cam Talbot,G
8476316,Laurent Brossoit,G
8471729,Kris Russell,D
8471976,David Desharnais,C
8473473,Milan Lucic,L
8475192,Taylor Beck,L
8475752,Tyler Pitlick,C
8476416,Dillon Simpson,D
8476457,Adam Larsson,D
8476988,Matt Benning,D
8479344,Jesse Puljujarvi,R
8479465,Drake Caggiula,C
8475361,Jonas Gustavsson,G
8469500,Michael Cammalleri,L
8469638,Jussi Jokinen,L
8474089,Brad Malone,C
8476397,Keegan Lowe,D
8476427,Ty Rattie,R
8476458,Ryan Strome,C
8476857,Pontus Aberg,L
8477573,Nathan Walker,L
8478451,Ethan Bear,D
8479483,Yohann Auvitu,D
8479977,Kailer Yamamoto,R
8471219,Al Montoya,G
8470803,Kyle Brodziak,C
8474040,Sam Gagner,C
8474520,Jason Garrison,D
8475163,Alex Chiasson,R
8475227,Chris Wideman,D
8475430,Brandon Manning,D
8475727,Ryan Spooner,C
8475755,Alexander Petrovic,D
8475857,Kevin Gravel,D
8476356,Tobias Rieder,R
8477458,Valentin Zykov,L
8477529,Colby Cave,C
8477680,Josh Currie,R
8478442,Cooper Marody,C
8478452,Caleb Jones,D
8479466,Patrick Russell,R
8479970,Joseph Gambardella,C
8480803,Evan Bouchard,D
8475156,Mikko Koskinen,G
8476932,Anthony Stolarz,G
8467875,Daniel Sedin,L
8467876,Henrik Sedin,C
8468085,Radim Vrbata,R
8469465,Dan Hamhuis,D
8470274,Chris Higgins,L
8470358,Alexandre Burrows,R
8471283,Brandon Prust,L
8471303,Alexander Edler,D
8471490,Adam Cracknell,R
8471498,Jannik Hansen,R
8473415,Alex Biega,D
8473432,Derek Dorsett,R
8474091,Brandon Sutter,C
8474134,Yannick Weber,D
8474579,Luca Sbisa,D
8474749,Matt Bartkowski,D
8475223,Linden Vey,R
8475690,Christopher Tanev,D
8475770,Emerson Etem,R
8475836,Alex Friesen,C
8476166,Taylor Fedun,D
8476388,Andrey Pedan,D
8476414,Alexandre Grenier,R
8476440,Markus Granlund,C
8476466,Sven Baertschi,L
8476867,Brendan Gaunce,C
8477018,Ben Hutton,D
8477445,Hunter Shinkaruk,C
8477500,Bo Horvat,C
8477589,Ronalds Kenins,L
8477816,Michael Zalewski,L
8477937,Jake Virtanen,R
8477955,Jared McCann,C
8477997,Nikita Tryamkin,D
8468011,Ryan Miller,G
8473614,Richard Bachman,G
8474593,Jacob Markstrom,G
8470626,Loui Eriksson,L
8471681,Jack Skille,R
8474707,Philip Larsen,D
8475210,Anton Rodin,R
8475213,Drew Shore,C
8475790,Erik Gudbranson,D
8475808,Michael Chaput,C
8476390,Joseph Cramarossa,C
8476423,Reid Boucher,C
8476425,Joseph LaBate,C
8477091,Evan McEneny,D
8477126,Jayson Megna,C
8477916,Borna Rendulic,R
8477958,Nikolay Goldobin,R
8478444,Brock Boeser,R
8479442,Troy Stecher,D
8479969,Griffen Molino,C
8469638,Jussi Jokinen,L
8470598,Thomas Vanek,L
8474040,Sam Gagner,C
8474584,Michael Del Zotto,D
8475343,Nic Dowd,C
8475423,Darren Archibald,R
8475788,Alexander Burmistrov,C
8476884,Derrick Pouliot,D
8476894,Brendan Leipsic,L
8477085,Ashton Sautner,D
8477353,Tyler Motte,C
8478874,Adam Gaudette,C
8480163,Philip Holm,D
8475195,Anders Nilsson,G
8477967,Thatcher Demko,G
8474291,Jay Beagle,C
8474568,Luke Schenn,D
8474849,Antoine Roussel,L
8475727,Ryan Spooner,C
8476410,Josh Leivo,L
8476871,Tanner Pearson,L
8477213,Tim Schaller,C
8478465,Guillaume Brisebois,D
8479772,Zack MacEwen,C
8480012,Elias Pettersson,C
8480800,Quinn Hughes,D
8481425,Josh Teves,D
8481479,Brogan Rafferty,D
8480022,Michael Dipietro,G
8467423,Shawn Horcoff,C
8469490,Tim Jackman,R
8469598,Kevin Bieksa,D
8470612,Ryan Getzlaf,C
8470616,Ryan Kesler,C
8470621,Corey Perry,R
8470775,Nate Thompson,C
8470886,Clayton Stoner,D
8471390,Mike Santorelli,C
8471699,Andrew Cogliano,C
8473465,Jamie McGinn,L
8473485,Chris Stewart,R
8473560,Korbinian Holzer,D
8474034,Pat Maroon,L
8474102,David Perron,L
8474176,Carl Hagelin,L
8475155,Simon Despres,D
8475164,Jakob Silfverberg,R
8475204,Brandon Pirri,C
8475222,Sami Vatanen,D
8475764,Cam Fowler,D
8475780,Chris Wagner,R
8475958,Michael Sgarbossa,C
8476116,Ryan Garbutt,C
8476158,Harry Zolnierczyk,L
8476312,Josh Manson,D
8476384,Max Friberg,R
8476474,Stefan Noesen,R
8476483,Rickard Rakell,L
8476854,Hampus Lindholm,D
8477447,Shea Theodore,D
8477941,Nick Ritchie,L
8478137,Jiri Sekac,L
8471418,Anton Khudobin,G
8475883,Frederik Andersen,G
8476434,John Gibson,G
8468535,Antoine Vermette,C
8470622,Patrick Eaves,R
8471664,Mason Raymond,L
8471766,Jared Boll,R
8474130,Corey Tropp,R
8475770,Emerson Etem,R
8476390,Joseph Cramarossa,C
8476400,Logan Shaw,R
8476866,Nicolas Kerdiles,L
8477034,Jaycob Megna,D
8477466,Nick Sorensen,R
8477986,Brandon Montour,D
8478131,Ondrej Kase,R
8478491,Jacob Larsson,D
8479290,Kalle Kossila,C
8473541,Jonathan Bernier,G
8474682,Dustin Tokarski,G
8466251,Jason Chimera,L
8467400,Francois Beauchemin,D
8467967,Chris Kelly,C
8474641,Adam Henrique,C
8474683,Derek Grant,C
8475436,Mike Liambas,L
8476407,Andy Welinski,D
8476806,J.T. Brown,R
8476971,Kevin Roy,C
8477010,Joseph Blandisi,C
8477929,Dennis Rasmussen,C
8477969,Marcus Pettersson,D
8478873,Troy Terry,R
8479613,Giovanni Fiore,L
8468011,Ryan Miller,G
8473499,Reto Berra,G
8471490,Adam Cracknell,R
8474568,Luke Schenn,D
8474584,Michael Del Zotto,D
8475842,Sam Carrick,C
8476043,Ben Street,C
8476207,Brian Gibbons,C
8476857,Pontus Aberg,L
8476913,Devin Shore,C
8477009,Jake Dotchin,D
8477205,Andrej Sustr,D
8477240,Carter Rowney,C
8478029,Chase De Leo,C
8478425,Brendan Guhle,D
8478466,Daniel Sprong,R
8479351,Sam Steel,C
8479368,Max Jones,L
8479372,Josh Mahura,D
8480031,Max Comtois,L
8480082,Justin Kloos,C
8480748,Kiefer Sherwood,R
8480806,Isac Lundestrom,C
8473434,Chad Johnson,G
8479294,Kevin Boyle,G
8468635,Travis Moen,L
8469455,Jason Spezza,C
8469466,Ales Hemsky,R
8469544,Patrick Sharp,L
8469665,Johnny Oduya,D
8469759,Vernon Fiddler,C
8470622,Patrick Eaves,R
8471274,Alex Goligoski,D
8471729,Kris Russell,D
8473994,Jamie Benn,L
8474098,Colton Sceviour,C
8474218,Jason Demers,D
8474818,Jordie Benn,D
8474849,Antoine Roussel,L
8475236,Cody Eakin,C
8475310,Curtis McKenzie,L
8475730,Stephen Johns,D
8475747,Patrik Nemeth,D
8475794,Tyler Seguin,C
8475906,John Klingberg,D
8476279,Jyrki Jokipakka,D
8476439,Brett Ritchie,R
8476467,Jamie Oleksiak,D
8476889,Radek Faksa,C
8476902,Esa Lindell,D
8476913,Devin Shore,C
8477406,Mattias Janmark,C
8477450,Jason Dickinson,C
8477501,Valeri Nichushkin,R
8470140,Kari Lehtonen,G
8474550,Antti Niemi,G
8469465,Dan Hamhuis,D
8470201,Jiri Hudler,R
8471232,Lauri Korpikoski,L
8471490,Adam Cracknell,R
8474688,Greg Pateryn,D
8475413,Justin Dowling,C
8476471,Mark McNeill,C
8476966,Gemel Smith,C
8477461,Remi Elie,L
8477945,Julius Honka,D
8478495,Denis Gurianov,R
8470760,Marc Methot,D
8471228,Alexander Radulov,R
8471691,Martin Hanzal,C
8475752,Tyler Pitlick,C
8477471,Dillon Heatherington,D
8470093,Mike McKenna,G
8471750,Ben Bishop,G
8471260,Blake Comeau,L
8471392,Roman Polak,D
8471699,Andrew Cogliano,C
8473588,Erik Condra,R
8473933,Ben Lovejoy,D
8475692,Mats Zuccarello,R
8476166,Taylor Fedun,D
8476941,Connor Carrick,D
8477810,Joel Hanley,D
8478449,Roope Hintz,L
8479416,Ben Gleason,D
8479945,Gavin Bayreuther,D
8480036,Miro Heiskanen,D
8480769,Joel L'Esperance,C
8471418,Anton Khudobin,G
8479016,Landon Bow,G
8467329,Vincent Lecavalier,C
8467452,Rob Scuderi,D
8468483,Marian Gaborik,R
8469555,Christian Ehrhoff,D
8470121,Matt Greene,D
8470604,Jeff Carter,C
8470606,Dustin Brown,R
8471240,Jeff Schultz,D
8471346,Kris Versteeg,R
8471685,Anze Kopitar,C
8473453,Trevor Lewis,C
8473473,Milan Lucic,L
8473571,Jamie McBain,D
8474100,Dwight King,L
8474162,Jake Muzzin,D
8474166,Alec Martinez,D
8474563,Drew Doughty,D
8474568,Luke Schenn,D
8475160,Kyle Clifford,L
8475188,Brayden McNabb,D
8475325,Jordan Nolan,C
8475343,Nic Dowd,C
8475726,Tyler Toffoli,R
8475738,Jordan Weal,C
8475762,Derek Forbort,D
8475857,Kevin Gravel,D
8476352,Michael Mersch,L
8476404,Andy Andreoff,C
8476406,Nick Shore,C
8476871,Tanner Pearson,L
8469514,Peter Budaj,G
8471734,Jonathan Quick,G
8473523,Jhonas Enroth,G
8462042,Jarome Iginla,R
8470104,Tom Gilbert,D
8471682,Devin Setoguchi,R
8473962,Teddy Purcell,L
8476983,Paul LaDue,D
8477380,Jonny Brodzinski,C
8477960,Adrian Kempe,C
8471750,Ben Bishop,G
8473553,Jeff Zatkoff,G
8475789,Jack Campbell,G
8469500,Michael Cammalleri,L
8469638,Jussi Jokinen,L
8469639,Brooks Laich,C
8470602,Dion Phaneuf,D
8470775,Nate Thompson,C
8471338,Torrey Mitchell,C
8476020,Andrew Crescenzi,C
8476356,Tobias Rieder,R
8477073,Kurtis MacDermid,D
8477428,Justin Auger,R
8477850,Christian Folin,D
8478020,Michael Amadio,C
8480113,Alex Iafallo,L
8480147,Oscar Fantenberg,D
8480771,Daniel Brickley,D
8475311,Darcy Kuemper,G
8469454,Ilya Kovalchuk,L
8474176,Carl Hagelin,L
8476894,Brendan Leipsic,L
8477957,Nikita Scherbak,R
8478455,Austin Wagner,L
8478911,Matt Roy,D
8479336,Carl Grundstrom,R
8479644,Matt Luff,R
8479994,Jaret Anderson-Dolan,C
8480336,Sean Walker,D
8480776,Sheldon Rempal,R
8481481,Blake Lizotte,C
8477361,Cal Petersen,G
8464977,Dainius Zubrus,C
8466138,Joe Thornton,C
8466139,Patrick Marleau,C
8468208,Joel Ward,R
8468542,Paul Martin,D
8470613,Brent Burns,D
8470794,Joe Pavelski,C
8471371,Mike Brown,R
8471392,Roman Polak,D
8471709,Marc-Edouard Vlasic,D
8473562,John McCarthy,C
8474027,Justin Braun,D
8474053,Logan Couture,C
8474096,Nick Spaling,C
8474230,Micheal Haley,C
8474516,Bryan Lerg,C
8474727,Ben Smith,R
8474739,Tommy Wingels,C
8475455,Brenden Dillon,D
8475820,Joonas Donskoi,R
8476331,Dylan DeMelo,D
8476442,Matt Nieto,L
8476624,Barclay Goodrow,R
8476807,Matt Tennyson,D
8476881,Tomas Hertl,C
8476919,Chris Tierney,C
8477509,Mirco Mueller,D
8477846,Ryan Carpenter,C
8477922,Melker Karlsson,C
8477958,Nikolay Goldobin,R
8471774,Alex Stalock,G
8473503,James Reimer,G
8474889,Martin Jones,G
8471498,Jannik Hansen,R
8473673,David Schlemko,D
8474571,Mikkel Boedker,L
8475834,Marcus Sorensen,L
8475841,Tim Heed,D
8476982,Danny O'Regan,C
8478099,Kevin Labanc,R
8478414,Timo Meier,R
8477180,Aaron Dell,G
8470611,Eric Fehr,C
8475169,Evander Kane,L
8477046,Joakim Ryan,D
8479580,Dylan Gambrell,C
8474578,Erik Karlsson,D
8474679,Gustav Nyquist,C
8478078,Rourke Chartier,C
8478136,Jacob Middleton,D
8480160,Radim Simek,D
8480780,Lukas Radil,C
8480965,Antti Suomela,C
8468486,Scott Hartnell,L
8469492,Fedor Tyutin,D
8470169,Gregory Campbell,C
8470920,David Clarkson,R
8471273,Brandon Dubinsky,C
8471504,Rene Bourque,R
8471677,Jack Johnson,D
8471766,Jared Boll,R
8473422,Nick Foligno,L
8473550,Andrew Bodnarchuk,D
8473992,Justin Falk,D
8474597,Cody Goloubef,D
8474685,Matt Calvert,L
8474715,Cam Atkinson,R
8474774,Dalton Prout,D
8475233,David Savard,D
8475246,Kevin Connauton,D
8475793,Ryan Johansen,C
8475808,Michael Chaput,C
8475829,John Ramage,D
8476394,Michael Paliotta,D
8476432,Boone Jenner,C
8476438,Brandon Saad,L
8476448,William Karlsson,C
8476850,Ryan Murray,D
8476981,Josh Anderson,R
8477416,Oliver Bjorkstrand,R
8477495,Seth Jones,D
8477505,Alexander Wennberg,C
8477510,Kerby Rychel,L
8477947,Sonny Milano,L
8478541,Markus Hannikainen,L
8478567,Dean Kukan,D
8470147,Curtis McElhinney,G
8475683,Sergei Bobrovsky,G
8476341,Anton Forsberg,G
8476914,Joonas Korpisalo,G
8470724,Kyle Quincey,D
8471232,Lauri Korpikoski,L
8474040,Sam Gagner,C
8476310,Lukas Sedlak,C
8476391,TJ Tynan,C
8476449,Scott Harrington,D
8478460,Zach Werenski,D
8478506,Gabriel Carlsson,D
8478906,Markus Nutivaara,D
8469638,Jussi Jokinen,L
8470598,Thomas Vanek,L
8471710,Taylor Chorney,D
8471804,Nathan Gerbe,C
8473914,Mark Letestu,C
8474013,Ian Cole,D
8474610,Zac Dalpe,C
8475147,Jordan Schroeder,C
8476283,Alex Broadhurst,C
8477353,Tyler Motte,C
8478550,Artemi Panarin,L
8479400,Pierre-Luc Dubois,C
8480762,Eric Robinson,L
8471717,Adam McQuaid,D
8474062,Riley Nash,C
8475168,Matt Duchene,C
8476288,Ryan Dzingel,C
8476431,Adam Clendening,D
8477407,Anthony Duclair,L
8478831,Kevin Stenlund,C
8478949,Kole Sherwood,R
8480074,Alexandre Texier,C
8478882,Vladislav Gavrikov,D
8468526,Jarret Stoll,C
8469459,Mikko Koivu,C
8469506,Jason Pominville,R
8470598,Thomas Vanek,L
8470600,Ryan Suter,D
8470610,Zach Parise,L
8470729,Tyson Strachan,D
8470871,Chris Porter,L
8470877,David Jones,R
8473646,Ryan Carter,L
8474610,Zac Dalpe,C
8474618,Marco Scandella,D
8474716,Jared Spurgeon,D
8475147,Jordan Schroeder,C
8475287,Erik Haula,L
8475613,Nate Prosser,D
8475722,Jason Zucker,L
8475745,Charlie Coyle,C
8475757,Brett Bulmer,R
8475798,Mikael Granlund,C
8475799,Nino Niederreiter,R
8476235,Justin Fontaine,R
8476344,Tyler Graovac,C
8476422,Mike Reilly,D
8476463,Jonas Brodin,D
8476545,Kurtis Gabriel,R
8476856,Matt Dumba,D
8477006,Christoph Bertschy,C
8477467,Gustav Olofsson,D
8477850,Christian Folin,D
8477923,Michael Keranen,L
8471227,Devan Dubnyk,G
8475311,Darcy Kuemper,G
8470595,Eric Staal,C
8471691,Martin Hanzal,C
8473466,Ryan White,C
8473485,Chris Stewart,R
8475800,Teemu Pulkkinen,L
8476219,Patrick Cannone,C
8476619,Zack Mitchell,R
8477949,Alex Tuch,R
8478493,Joel Eriksson Ek,C
8471774,Alex Stalock,G
8464989,Matt Cullen,C
8470724,Kyle Quincey,D
8471476,Daniel Winnik,L
8471811,Cal O'Reilly,C
8474589,Tyler Ennis,R
8475157,Landon Ferraro,C
8475220,Marcus Foligno,L
8476372,Nick Seeler,D
8476415,Kyle Rau,C
8476465,Ryan Murphy,D
8477369,Carson Soucy,D
8478011,Louie Belpedio,D
8478413,Jordan Greenway,L
8479316,Luke Kunin,C
8480082,Justin Kloos,C
8468611,Matt Hendricks,C
8470611,Eric Fehr,C
8474688,Greg Pateryn,D
8474749,Matt Bartkowski,D
8475868,Anthony Bitetto,D
8476177,Matt Read,R
8476437,Victor Rask,C
8476779,Brad Hunt,D
8476806,J.T. Brown,R
8476857,Pontus Aberg,L
8477942,Kevin Fiala,L
8477987,Ryan Donato,C
8481477,Nico Sturm,C
8469501,Chris Thorburn,R
8470614,Mark Stuart,D
8470828,Toby Enstrom,D
8470834,Dustin Byfuglien,D
8471217,Andrew Ladd,L
8471218,Blake Wheeler,R
8471226,Drew Stafford,R
8471385,Adam Pardy,D
8473412,Bryan Little,C
8473618,Mathieu Perreault,L
8474061,Anthony Peluso,R
8474074,Paul Postma,D
8474094,Matt Halischuk,R
8474574,Tyler Myers,D
8474616,Patrice Cormier,C
8475279,Ben Chiarot,D
8475788,Alexander Burmistrov,C
8475815,Julian Melchiori,D
8476392,Adam Lowry,C
8476460,Mark Scheifele,C
8476469,Joel Armia,R
8476885,Jacob Trouba,D
8476910,Scott Kosmachuk,R
8477076,JC Lipon,R
8477429,Andrew Copp,C
8477448,Marko Dano,C
8477464,Nic Petan,C
8477504,Josh Morrissey,D
8477940,Nikolaj Ehlers,L
8478029,Chase De Leo,C
8479293,Brandon Tanev,L
8471715,Ondrej Pavelec,G
8474636,Michael Hutchinson,G
8476945,Connor Hellebuyck,G
8473565,Brian Strait,D
8473574,Shawn Matthias,L
8475769,Quinton Howden,C
8478031,Nelson Nogier,D
8478398,Kyle Connor,L
8478458,Jack Roslovic,C
8479339,Patrik Laine,R
8477480,Eric Comrie,G
8468611,Matt Hendricks,C
8471669,Paul Stastny,C
8475179,Dmitry Kulikov,D
8476476,Joe Morrow,D
8477359,Tucker Poolman,D
8477962,Brendan Lemieux,L
8478915,Sami Niku,D
8473461,Steve Mason,G
8475763,Kevin Hayes,R
8476470,Nathan Beaulieu,D
8476799,Cameron Schilling,D
8478891,Mason Appleton,C
8480005,Kristian Vesalainen,L
8480944,Par Lindholm,C
8476316,Laurent Brossoit,G
8462038,Shane Doan,R
8467338,Alex Tanguay,L
8468535,Antoine Vermette,C
8469760,Zbynek Michalek,D
8470159,Boyd Gordon,C
8470755,Brad Richardson,C
8471231,Kyle Chipchura,C
8471269,Nicklas Grossmann,D
8471691,Martin Hanzal,C
8471703,Steve Downie,R
8471856,Joe Vitale,C
8473722,John Scott,L
8474005,Alex Grant,D
8474138,Dustin Jeffrey,L
8474554,Eric Selleck,L
8474571,Mikkel Boedker,L
8474588,Viktor Tikhonov,R
8474628,Michael Stone,D
8475171,Oliver Ekman-Larsson,D
8475194,Philip Samuelsson,D
8475206,Stefan Elliott,D
8475246,Kevin Connauton,D
8475414,Craig Cunningham,L
8475749,Christian Thomas,L
8475797,Jarred Tinordi,D
8476356,Tobias Rieder,R
8476403,Klas Dahlbeck,D
8476473,Connor Murphy,D
8476921,Jordan Martinook,L
8477407,Anthony Duclair,L
8477460,Laurent Dauphin,C
8477503,Max Domi,C
8477715,Tyler Gaudet,C
8478137,Jiri Sekac,L
8478928,Sergei Plotnikov,L
8469608,Mike Smith,G
8474765,Anders Lindback,G
8475839,Louis Domingue,G
8478999,Niklas Treutle,G
8468085,Radim Vrbata,R
8471274,Alex Goligoski,D
8473465,Jamie McGinn,L
8473466,Ryan White,C
8473571,Jamie McBain,D
8474568,Luke Schenn,D
8475180,Peter Holland,C
8475788,Alexander Burmistrov,C
8475800,Teemu Pulkkinen,L
8477591,Josh Jooris,R
8477943,Brendan Perlini,L
8477950,Tony DeAngelo,D
8477989,Christian Dvorak,C
8478432,Christian Fischer,R
8478440,Dylan Strome,C
8478474,Lawson Crouse,L
8479343,Clayton Keller,R
8479345,Jakob Chychrun,D
8471251,Justin Peters,G
8476986,Marek Langhamer,G
8471769,Niklas Hjalmarsson,D
8474131,Mario Kempe,R
8474218,Jason Demers,D
8474613,Derek Stepan,C
8474736,Zac Rinaldo,L
8475209,Richard Panik,R
8475878,Freddie Hamilton,C
8476326,Josh Archibald,R
8476393,Nick Cousins,C
8476431,Adam Clendening,D
8477541,Dakota Mermis,D
8477634,Trevor Murphy,D
8477810,Joel Hanley,D
8478447,Nicholas Merkley,R
8478476,Kyle Capobianco,D
8475311,Darcy Kuemper,G
8475809,Scott Wedgewood,G
8477293,Antti Raanta,G
8478499,Adin Hill,G
8473546,Michael Grabner,L
8475738,Jordan Weal,C
8476851,Alex Galchenyuk,C
8476994,Vinnie Hinostroza,R
8477851,Jordan Oesterle,D
8477951,Nick Schmaltz,C
8478047,Michael Bunting,L
8478856,Conor Garland,R
8480950,Ilya Lyubushkin,D
8475717,Calvin Pickard,G
8480112,Hunter Miska,G
8468674,Deryk Engelland,D
8471707,James Neal,L
8471817,Ryan Reaves,R
8474102,David Perron,L
8474520,Jason Garrison,D
8474579,Luca Sbisa,D
8475188,Brayden McNabb,D
8475191,Reilly Smith,R
8475193,Tomas Tatar,L
8475204,Brandon Pirri,C
8475236,Cody Eakin,C
8475287,Erik Haula,L
8475715,Oscar Lindberg,L
8475750,Jon Merrill,D
8476448,William Karlsson,C
8476525,Colin Miller,D
8476539,Jonathan Marchessault,C
8476617,Tomas Hyka,R
8476779,Brad Hunt,D
8476870,Stefan Matteau,C
8476894,Brendan Leipsic,L
8477220,Nate Schmidt,D
8477447,Shea Theodore,D
8477478,William Carrier,L
8477846,Ryan Carpenter,C
8477930,Pierre-Edouard Bellemare,C
8477931,Tomas Nosek,L
8477949,Alex Tuch,R
8479650,Vadim Shipachyov,C
8480727,Zach Whitecloud,D
8470594,Marc-Andre Fleury,G
8476509,Maxime Lagace,G
8476861,Oscar Dansk,G
8476876,Malcolm Subban,G
8480263,Dylan Ferguson,G
8471669,Paul Stastny,C
8474157,Max Pacioretty,L
8474207,Nick Holden,D
8475913,Mark Stone,R
8477458,Valentin Zykov,L
8477901,Daniel Carr,L
8481486,Jimmy Schuldt,D
